opcode_hex	opcode_dec	enum	name	handler_va	handler_fn
0x3	3	GameEvent	Allegiance_AllegianceUpdateAborted	0x0055B080	CM_Allegiance::DispatchUI_AllegianceUpdateAborted
0x4	4	GameEvent	Communication_PopUpString	0x0055B0B8	CM_Communication::DispatchUI_PopUpString
0x13	19	GameEvent	Login_PlayerDescription	0x0055B160	CPlayerSystem::Handle_PlayerDescription
0x20	32	GameEvent	Allegiance_AllegianceUpdate	0x0055B5D6	CAllegianceProfile::CAllegianceProfile
0x21	33	GameEvent	Social_FriendsUpdate	0x0055B144	CM_Social::DispatchUI_FriendsUpdate
0x22	34	GameEvent	Item_ServerSaysContainId	0x0055B1C8	CObjectMaint::GetWeenieObject
0x23	35	GameEvent	Item_WearItem	0x0055B27C	CObjectMaint::GetWeenieObject
0x24	36	S2CMessage	Item_ServerSaysRemove	0x0055B2D5	CObjectMaint::GetWeenieObject
0x29	41	GameEvent	Social_CharacterTitleTable	0x0055B128	CM_Social::DispatchUI_CharacterTitleTable
0x2B	43	GameEvent	Social_AddOrSetCharacterTitle	0x0055B10C	CM_Social::DispatchUI_AddOrSetCharacterTitle
0x52	82	GameEvent	Item_StopViewingObjectContents	0x0055B187	ClientUISystem::SetGroundObject
0x62	98	GameEvent	Vendor_VendorInfo	0x0055B5BD	ClientUISystem::Handle_VendorInfo
0x75	117	GameEvent	Character_StartBarber	0x0055B09C	CM_Character::DispatchUI_StartBarber
0xA0	160	S2CMessage	Character_ServerSaysAttemptFailed	0x0055B342	CObjectMaint::GetWeenieObject
0xA3	163	GameEvent	Fellowship_Quit	0x0055B0F0	CM_Fellowship::DispatchUI_Quit
0xA4	164	GameEvent	Fellowship_Dismiss	0x0055B0D4	CM_Fellowship::DispatchUI_Dismiss
0xB4	180	GameEvent	Writing_BookOpen	0x0055B3EA	PageDataList::PageDataList
0xB6	182	GameEvent	Writing_BookAddPageResponse	0x0055B4DE	CM_Writing::SendNotice_BookAddPageResponse
0xB7	183	GameEvent	Writing_BookDeletePageResponse	0x0055B51C	CM_Writing::SendNotice_BookDeletePageResponse
0xB8	184	GameEvent	Writing_BookPageDataResponse	0x0055B55A	PageData::PageData
0xC3	195	GameEvent	Item_GetInscriptionResponse	0x0055B638	AC1Legacy::CaseInsensitiveStringBase<AC1Legacy::PStringBase<char> >::CaseInsensitiveStringBase<AC1Legacy::PStringBase<char> >
0xC9	201	GameEvent	Item_SetAppraiseInfo	0x0055BB5C	AppraisalProfile::AppraisalProfile
0x147	327	GameEvent	Communication_ChannelBroadcast	0x0055B73C	CM_Communication::DispatchUI_ChannelBroadcast
0x148	328	GameEvent	Communication_ChannelList	0x0055B774	CM_Communication::DispatchUI_ChannelList
0x149	329	GameEvent	Communication_ChannelIndex	0x0055B758	CM_Communication::DispatchUI_ChannelIndex
0x196	406	GameEvent	Item_OnViewContents	0x0055BA62	PackableList<ContentProfile>::UnPack
0x197	407	S2CMessage	Item_UpdateStackSize	0x0055BB0A	ClientObjMaintSystem::UpdateStackSize
0x19A	410	GameEvent	Item_ServerSaysMoveItem	0x0055B7C8	CObjectMaint::GetWeenieObject
0x19E	414	S2CMessage	Combat_HandlePlayerDeathEvent	0x0055BABF	ClientCombatSystem::HandlePlayerDeathEvent
0x1A7	423	GameEvent	Combat_HandleAttackDoneEvent	0x0055B82A	ClientCombatSystem::HandleAttackDoneEvent
0x1A8	424	GameEvent	Magic_RemoveSpell	0x0055B7AC	CM_Magic::DispatchUI_RemoveSpell
0x1AC	428	GameEvent	Combat_HandleVictimNotificationEventSelf	0x0055BAD8	ClientCombatSystem::HandleKillerNotificationEvent
0x1AD	429	GameEvent	Combat_HandleVictimNotificationEventOther	0x0055BAF1	ClientCombatSystem::HandleKillerNotificationEvent
0x1B1	433	GameEvent	Combat_HandleAttackerNotificationEvent	0x0055B865	AC1Legacy::CaseInsensitiveStringBase<AC1Legacy::PStringBase<char> >::CaseInsensitiveStringBase<AC1Legacy::PStringBase<char> >
0x1B2	434	GameEvent	Combat_HandleDefenderNotificationEvent	0x0055B912	AC1Legacy::CaseInsensitiveStringBase<AC1Legacy::PStringBase<char> >::CaseInsensitiveStringBase<AC1Legacy::PStringBase<char> >
0x1B3	435	GameEvent	Combat_HandleEvasionAttackerNotificationEvent	0x0055BA1B	AC1Legacy::CaseInsensitiveStringBase<AC1Legacy::PStringBase<char> >::CaseInsensitiveStringBase<AC1Legacy::PStringBase<char> >
0x1B4	436	GameEvent	Combat_HandleEvasionDefenderNotificationEvent	0x0055B9D4	AC1Legacy::CaseInsensitiveStringBase<AC1Legacy::PStringBase<char> >::CaseInsensitiveStringBase<AC1Legacy::PStringBase<char> >
0x1B8	440	GameEvent	Combat_HandleCommenceAttackEvent	0x0055B84E	ClientCombatSystem::HandleCommenceAttackEvent
0x1C0	448	GameEvent	Combat_QueryHealthResponse	0x0055B720	CM_Combat::DispatchUI_QueryHealthResponse
0x1C3	451	GameEvent	Character_QueryAgeResponse	0x0055B704	CM_Character::DispatchUI_QueryAgeResponse
0x1C7	455	GameEvent	Item_UseDone	0x0055B790	CM_Item::DispatchUI_UseDone
0x1C9	457	GameEvent	Fellowship_FellowUpdateDone	0x0055BBB2	CM_Fellowship::DispatchUI_FellowUpdateDone
0x1CA	458	GameEvent	Fellowship_FellowStatsDone	0x0055BC7A	CM_Fellowship::DispatchUI_FellowStatsDone
0x1CB	459	GameEvent	Item_AppraiseDone	0x0055BD92	CM_Item::DispatchUI_AppraiseDone
0x1D1	465	S2CMessage	Qualities_PrivateRemoveIntEvent	0x0055BE3A	CM_Qualities::DispatchUI_PrivateRemoveIntEvent
0x1D2	466	S2CMessage	Qualities_RemoveIntEvent	0x0055BEFE	CM_Qualities::DispatchUI_RemoveIntEvent
0x1D3	467	S2CMessage	Qualities_PrivateRemoveBoolEvent	0x0055BDCA	CM_Qualities::DispatchUI_PrivateRemoveBoolEvent
0x1D4	468	S2CMessage	Qualities_RemoveBoolEvent	0x0055BE8E	CM_Qualities::DispatchUI_RemoveBoolEvent
0x1D5	469	S2CMessage	Qualities_PrivateRemoveFloatEvent	0x0055BE02	CM_Qualities::DispatchUI_PrivateRemoveFloatEvent
0x1D6	470	S2CMessage	Qualities_RemoveFloatEvent	0x0055BEC6	CM_Qualities::DispatchUI_RemoveFloatEvent
0x1D7	471	S2CMessage	Qualities_PrivateRemoveStringEvent	0x0055BE72	CM_Qualities::DispatchUI_PrivateRemoveStringEvent
0x1D8	472	S2CMessage	Qualities_RemoveStringEvent	0x0055BF36	CM_Qualities::DispatchUI_RemoveStringEvent
0x1D9	473	S2CMessage	Qualities_PrivateRemoveDataIdEvent	0x0055BDE6	CM_Qualities::DispatchUI_PrivateRemoveDataIDEvent
0x1DA	474	S2CMessage	Qualities_RemoveDataIdEvent	0x0055BEAA	CM_Qualities::DispatchUI_RemoveDataIDEvent
0x1DB	475	S2CMessage	Qualities_PrivateRemoveInstanceIdEvent	0x0055BE1E	CM_Qualities::DispatchUI_PrivateRemoveInstanceIDEvent
0x1DC	476	S2CMessage	Qualities_RemoveInstanceIdEvent	0x0055BEE2	CM_Qualities::DispatchUI_RemoveInstanceIDEvent
0x1DD	477	S2CMessage	Qualities_PrivateRemovePositionEvent	0x0055BE56	CM_Qualities::DispatchUI_PrivateRemovePositionEvent
0x1DE	478	S2CMessage	Qualities_RemovePositionEvent	0x0055BF1A	CM_Qualities::DispatchUI_RemovePositionEvent
0x1E0	480	S2CMessage	Communication_HearEmote	0x0055BC26	CM_Communication::DispatchUI_HearEmote
0x1E2	482	S2CMessage	Communication_HearSoulEmote	0x0055BC42	CM_Communication::DispatchUI_HearSoulEmote
0x1EA	490	GameEvent	Character_ReturnPing	0x0055BC0A	CM_Character::DispatchUI_ReturnPing
0x1F4	500	GameEvent	Communication_SetSquelchDB	0x0055BC5E	CM_Communication::DispatchUI_SetSquelchDB
0x1FD	509	GameEvent	Trade_RegisterTrade	0x0055BFFA	CM_Trade::DispatchUI_Recv_RegisterTrade
0x1FE	510	GameEvent	Trade_OpenTrade	0x0055BFDE	CM_Trade::DispatchUI_Recv_OpenTrade
0x1FF	511	GameEvent	Trade_CloseTrade	0x0055BFA6	CM_Trade::DispatchUI_Recv_CloseTrade
0x200	512	GameEvent	Trade_AddToTrade	0x0055BF6E	CM_Trade::DispatchUI_Recv_AddToTrade
0x201	513	GameEvent	Trade_RemoveFromTrade	0x0055C016	CM_Trade::DispatchUI_Recv_RemoveFromTrade
0x202	514	GameEvent	Trade_AcceptTrade	0x0055BF52	CM_Trade::DispatchUI_Recv_AcceptTrade
0x203	515	GameEvent	Trade_DeclineTrade	0x0055BFC2	CM_Trade::DispatchUI_Recv_DeclineTrade
0x205	517	GameEvent	Trade_ResetTrade	0x0055C032	CM_Trade::DispatchUI_Recv_ResetTrade
0x207	519	GameEvent	Trade_TradeFailure	0x0055C04E	CM_Trade::DispatchUI_Recv_TradeFailure
0x208	520	GameEvent	Trade_ClearTradeAcceptance	0x0055BF8A	CM_Trade::DispatchUI_Recv_ClearTradeAcceptance
0x21D	541	GameEvent	House_HouseProfile	0x0055BCCE	CM_House::DispatchUI_Recv_HouseProfile
0x225	549	GameEvent	House_HouseData	0x0055BCB2	CM_House::DispatchUI_Recv_HouseData
0x226	550	GameEvent	House_HouseStatus	0x0055BCEA	CM_House::DispatchUI_Recv_HouseStatus
0x227	551	GameEvent	House_UpdateRentTime	0x0055BD5A	CM_House::DispatchUI_Recv_UpdateRentTime
0x228	552	GameEvent	House_UpdateRentPayment	0x0055BD3E	CM_House::DispatchUI_Recv_UpdateRentPayment
0x248	584	GameEvent	House_UpdateRestrictions	0x0055BD76	CM_House::DispatchUI_Recv_UpdateRestrictions
0x257	599	GameEvent	House_UpdateHAR	0x0055BD22	CM_House::DispatchUI_Recv_UpdateHAR
0x259	601	GameEvent	House_HouseTransaction	0x0055BD06	CM_House::DispatchUI_Recv_HouseTransaction
0x264	612	GameEvent	Item_QueryItemManaResponse	0x0055BDAE	CM_Item::DispatchUI_QueryItemManaResponse
0x271	625	GameEvent	House_AvailableHouses	0x0055BC96	CM_House::DispatchUI_Recv_AvailableHouses
0x274	628	GameEvent	Character_ConfirmationRequest	0x0055BBEE	CM_Character::DispatchUI_ConfirmationRequest
0x276	630	GameEvent	Character_ConfirmationDone	0x0055C06A	CM_Character::DispatchUI_ConfirmationDone
0x27A	634	GameEvent	Allegiance_AllegianceLoginNotificationEvent	0x0055C125	CM_Allegiance::DispatchUI_AllegianceLoginNotificationEvent
0x27C	636	GameEvent	Allegiance_AllegianceInfoResponseEvent	0x0055C109	CM_Allegiance::DispatchUI_AllegianceInfoResponseEvent
0x281	641	GameEvent	Game_JoinGameResponse	0x0055C259	CM_Game::DispatchUI_Recv_JoinGameResponse
0x282	642	GameEvent	Game_StartGame	0x0055C2C9	CM_Game::DispatchUI_Recv_StartGame
0x283	643	GameEvent	Game_MoveResponse	0x0055C275	CM_Game::DispatchUI_Recv_MoveResponse
0x284	644	GameEvent	Game_OpponentTurn	0x0055C2AD	CM_Game::DispatchUI_Recv_OpponentTurn
0x285	645	GameEvent	Game_OpponentStalemateState	0x0055C291	CM_Game::DispatchUI_Recv_OppenentStalemateState
0x28A	650	GameEvent	Communication_WeenieError	0x0055C1B1	CM_Communication::DispatchUI_WeenieError
0x28B	651	GameEvent	Communication_WeenieErrorWithString	0x0055C1CD	CM_Communication::DispatchUI_WeenieErrorWithString
0x28C	652	GameEvent	Game_GameOver	0x0055C23D	CM_Game::DispatchUI_Recv_GameOver
0x295	661	GameEvent	Communication_ChatRoomTracker	0x0055C195	CM_Communication::DispatchUI_Recv_ChatRoomTracker
0x2AE	686	GameEvent	Admin_QueryPluginList	0x0055C0D1	CM_Admin::DispatchUI_Recv_QueryPluginList
0x2B1	689	GameEvent	Admin_QueryPlugin	0x0055C0B5	CM_Admin::DispatchUI_Recv_QueryPlugin
0x2B3	691	GameEvent	Admin_QueryPluginResponse2	0x0055C0ED	CM_Admin::DispatchUI_Recv_QueryPluginResponse
0x2B4	692	GameEvent	Inventory_SalvageOperationsResultData	0x0055C2E5	CM_Inventory::DispatchUI_Recv_SalvageOperationsResultData
0x2B8	696	S2CMessage	Qualities_PrivateRemoveInt64Event	0x0055C451	CM_Qualities::DispatchUI_PrivateRemoveInt64Event
0x2B9	697	S2CMessage	Qualities_RemoveInt64Event	0x0055C4C1	CM_Qualities::DispatchUI_RemoveInt64Event
0x2BB	699	S2CMessage	Communication_HearSpeech	0x0055C179	CM_Communication::DispatchUI_HearSpeech
0x2BC	700	S2CMessage	Communication_HearRangedSpeech	0x0055C15D	CM_Communication::DispatchUI_HearRangedSpeech
0x2BD	701	GameEvent	Communication_HearDirectSpeech	0x0055C141	CM_Communication::DispatchUI_HearDirectSpeech
0x2BE	702	GameEvent	Fellowship_FullUpdate	0x0055C205	CM_Fellowship::DispatchUI_FullUpdate
0x2BF	703	GameEvent	Fellowship_Disband	0x0055C1E9	CM_Fellowship::DispatchUI_Disband
0x2C0	704	GameEvent	Fellowship_UpdateFellow	0x0055C221	CM_Fellowship::DispatchUI_UpdateFellow
0x2C1	705	GameEvent	Magic_UpdateSpell	0x0055C3C5	CM_Magic::DispatchUI_UpdateSpell
0x2C2	706	GameEvent	Magic_UpdateEnchantment	0x0055C38D	CM_Magic::DispatchUI_UpdateEnchantment
0x2C3	707	GameEvent	Magic_RemoveEnchantment	0x0055C355	CM_Magic::DispatchUI_RemoveEnchantment
0x2C4	708	GameEvent	Magic_UpdateMultipleEnchantments	0x0055C3A9	CM_Magic::DispatchUI_UpdateMultipleEnchantments
0x2C5	709	GameEvent	Magic_RemoveMultipleEnchantments	0x0055C371	CM_Magic::DispatchUI_RemoveMultipleEnchantments
0x2C6	710	GameEvent	Magic_PurgeEnchantments	0x0055C339	CM_Magic::DispatchUI_PurgeEnchantments
0x2C7	711	GameEvent	Magic_DispelEnchantment	0x0055C301	CM_Magic::DispatchUI_DispelEnchantment
0x2C8	712	GameEvent	Magic_DispelMultipleEnchantments	0x0055C31D	CM_Magic::DispatchUI_DispelMultipleEnchantments
0x2C9	713	GameEvent	Misc_PortalStormBrewing	0x0055C3FD	CM_Misc::DispatchUI_PortalStormBrewing
0x2CA	714	GameEvent	Misc_PortalStormImminent	0x0055C419	CM_Misc::DispatchUI_PortalStormImminent
0x2CB	715	GameEvent	Misc_PortalStorm	0x0055C3E1	CM_Misc::DispatchUI_PortalStorm
0x2CC	716	GameEvent	Misc_PortalStormSubsided	0x0055C435	CM_Misc::DispatchUI_PortalStormSubsided
0x2CD	717	S2CMessage	Qualities_PrivateUpdateInt	0x0055C489	CM_Qualities::DispatchUI_PrivateUpdateInt
0x2CE	718	S2CMessage	Qualities_UpdateInt	0x0055C4F9	CM_Qualities::DispatchUI_UpdateInt
0x2CF	719	S2CMessage	Qualities_PrivateUpdateInt64	0x0055C4A5	CM_Qualities::DispatchUI_PrivateUpdateInt64
0x2D0	720	S2CMessage	Qualities_UpdateInt64	0x0055C515	CM_Qualities::DispatchUI_UpdateInt64
0x2D1	721	S2CMessage	Qualities_PrivateUpdateBool	0x0055C46D	CM_Qualities::DispatchUI_PrivateUpdateBool
0x2D2	722	S2CMessage	Qualities_UpdateBool	0x0055C4DD	CM_Qualities::DispatchUI_UpdateBool
0x2D3	723	S2CMessage	Qualities_PrivateUpdateFloat	0x0055C531	CM_Qualities::DispatchUI_PrivateUpdateFloat
0x2D4	724	S2CMessage	Qualities_UpdateFloat	0x0055C758	CM_Qualities::DispatchUI_UpdateFloat
0x2D5	725	S2CMessage	Qualities_PrivateUpdateString	0x0055C838	UIQueueManager::HandleStringUpdateEvents
0x2D6	726	S2CMessage	Qualities_UpdateString	0x0055C838	UIQueueManager::HandleStringUpdateEvents
0x2D7	727	S2CMessage	Qualities_PrivateUpdateDataId	0x0055C624	CM_Qualities::DispatchUI_PrivateUpdateDataID
0x2D8	728	S2CMessage	Qualities_UpdateDataId	0x0055C73C	CM_Qualities::DispatchUI_UpdateDataID
0x2D9	729	S2CMessage	Qualities_PrivateUpdateInstanceId	0x0055C640	CM_Qualities::DispatchUI_PrivateUpdateInstanceID
0x2DA	730	S2CMessage	Qualities_UpdateInstanceId	0x0055C774	CM_Qualities::DispatchUI_UpdateInstanceID
0x2DB	731	S2CMessage	Qualities_PrivateUpdatePosition	0x0055C65C	CM_Qualities::DispatchUI_PrivateUpdatePosition
0x2DC	732	S2CMessage	Qualities_UpdatePosition	0x0055C790	CM_Qualities::DispatchUI_UpdatePosition
0x2DD	733	S2CMessage	Qualities_PrivateUpdateSkill	0x0055C678	CM_Qualities::DispatchUI_PrivateUpdateSkill
0x2DE	734	S2CMessage	Qualities_UpdateSkill	0x0055C7AC	CM_Qualities::DispatchUI_UpdateSkill
0x2DF	735	S2CMessage	Qualities_PrivateUpdateSkillLevel	0x0055C6B0	CM_Qualities::DispatchUI_PrivateUpdateSkillLevel
0x2E0	736	S2CMessage	Qualities_UpdateSkillLevel	0x0055C7E4	CM_Qualities::DispatchUI_UpdateSkillLevel
0x2E1	737	S2CMessage	Qualities_PrivateUpdateSkillAC	0x0055C694	CM_Qualities::DispatchUI_PrivateUpdateSkillAC
0x2E2	738	S2CMessage	Qualities_UpdateSkillAC	0x0055C7C8	CM_Qualities::DispatchUI_UpdateSkillAC
0x2E3	739	S2CMessage	Qualities_PrivateUpdateAttribute	0x0055C5B4	CM_Qualities::DispatchUI_PrivateUpdateAttribute
0x2E4	740	S2CMessage	Qualities_UpdateAttribute	0x0055C6CC	CM_Qualities::DispatchUI_UpdateAttribute
0x2E5	741	S2CMessage	Qualities_PrivateUpdateAttributeLevel	0x0055C608	CM_Qualities::DispatchUI_PrivateUpdateAttributeLevel
0x2E6	742	S2CMessage	Qualities_UpdateAttributeLevel	0x0055C720	CM_Qualities::DispatchUI_UpdateAttributeLevel
0x2E7	743	S2CMessage	Qualities_PrivateUpdateAttribute2nd	0x0055C5D0	CM_Qualities::DispatchUI_PrivateUpdateAttribute2nd
0x2E8	744	S2CMessage	Qualities_UpdateAttribute2nd	0x0055C6E8	CM_Qualities::DispatchUI_UpdateAttribute2nd
0x2E9	745	S2CMessage	Qualities_PrivateUpdateAttribute2ndLevel	0x0055C5EC	CM_Qualities::DispatchUI_PrivateUpdateAttribute2ndLevel
0x2EA	746	S2CMessage	Qualities_UpdateAttribute2ndLevel	0x0055C704	CM_Qualities::DispatchUI_UpdateAttribute2ndLevel
0x2EB	747	GameEvent	Communication_TransientString	0x0055C57C	CM_Communication::DispatchUI_TransientString
0x312	786	GameEvent	Magic_PurgeBadEnchantments	0x0055C598	CM_Magic::DispatchUI_PurgeBadEnchantments
0x314	788	GameEvent	Social_SendClientContractTrackerTable	0x0055C81C	CM_Social::DispatchUI_SendClientContractTrackerTable
0x315	789	GameEvent	Social_SendClientContractTracker	0x0055C800	CM_Social::DispatchUI_SendClientContractTracker
0xEA60	60000	S2CMessage	Admin_Environs	0x0055C853	CM_Admin::DispatchUI_Environs
0xF630	63024	S2CMessage	Character_SetPlayerVisualDesc	0x0055C89E	AC1Legacy::CaseInsensitiveStringBase<AC1Legacy::PStringBase<char> >::CaseInsensitiveStringBase<AC1Legacy::PStringBase<char> >
0xF643	63043	S2CMessage	Character_CharGenVerificationResponse	0x0055C90C	CPlayerSystem::Handle_CharGenVerificationResponse
0xF651	63057	S2CMessage	Login_AwaitingSubscriptionExpiration	0x0055C8E8	CPlayerSystem::Handle_AwaitingSubscriptionExpiration
0xF653	63059	S2CMessage	Login_LogOffCharacter	0x0055C960	CPlayerSystem::ExecuteLogOff
0xF655	63061	S2CMessage	Character_CharacterDelete	0x0055C949	CPlayerSystem::Handle_CharacterDelete
0xF658	63064	S2CMessage	Login_LoginCharacterSet	0x0055C977	CPlayerSystem::Handle_Login__CharacterSet
0xF659	63065	S2CMessage	Character_CharacterError	0x0055C925	CPlayerSystem::Handle_CharacterError
0xF7C1	63425	S2CMessage	Login_AccountBanned	0x0055C990	CPlayerSystem::Handle_AccountBanned
0xF7CA	63434	S2CMessage	Admin_ReceiveAccountData	0x0055C9C6	CM_Admin::DispatchUI_ReceiveAccountData
0xF7CB	63435	S2CMessage	Admin_ReceivePlayerData	0x0055C9E2	CM_Admin::DispatchUI_ReceivePlayerData
0xF7DC	63452	S2CMessage	Login_AccountBooted	0x0055CA52	CPlayerSystem::Handle_AccountBooted
0xF7DF	63455	S2CMessage	Login_EnterGame_ServerReady	0x0055C9FE	CM_Character::DispatchUI_EnterGame_ServerReady
0xF7E0	63456	S2CMessage	Communication_TextboxString	0x0055CA1A	CM_Communication::DispatchUI_TextboxString
0xF7E1	63457	S2CMessage	Login_WorldInfo	0x0055CA36	CM_Login::DispatchUI_WorldInfo
