225	CPhysicsObj	143003-343373
196	ClientCommunicationSystem	410809-430250
186	D3DXTex	538418-556003
176	_STL	63479-663569
143	D3DXMesh	526085-553376
130	PlayerModule	61517-513956
117	UIElement	149516-498251
115	AC1Legacy	60920-667348
113	ACCWeenieObject	220515-439317
99	RenderDeviceD3D	455696-460762
89	UIElement_Text	163068-167072
84	ClientObjMaintSystem	390940-407777
81	Render	314316-435641
74	CPartArray	325068-326984
73	UIElementManager	149528-156217
69	CPlayerSystem	395603-400816
64	CharGenState	400930-497836
62	UIElement_ListBox	169356-198596
61	SmartBox	143041-392843
60	CACQualities	439498-444933
57	UIElement_ItemList	272393-275042
57	CInputManager_WIN32	669653-673406
57	AsyncCache	81208-696571
55	UIRegion	149499-697041
53	ClientUISystem	401274-411019
51	ClientCombatSystem	407298-410072
48	CommandInterpreter	436205-718254
48	CM_Character	697485-699662
44	gmVendorUI	242501-247181
44	UIElement_Scrollbar	172922-174274
44	CM_Qualities	711673-712580
42	gmSecureTradeUI	250938-252360
41	ItemExamineUI	226689-235257
41	BTree	648366-650313
40	Client	61505-78960
40	CMotionInterp	343295-344670
40	APIManager	392938-393585
39	CPosPassThru	729892-730747
38	CPhysicsPart	314336-315551
38	CObjCell	346417-347765
38	CEnchantmentRegistry	444939-721192
37	gmRadarUI	262627-264962
37	StringTableMetaLanguage	658441-662124
37	PFileNode	95524-723011
37	CEnvCell	290204-717717
36	gmSlumlordUI	249370-250845
36	CBaseRenderer	724817-727001
35	gmToolbarUI	239816-242056
35	gmCCommunicationSystem	433662-434984
35	ChatInterface	287012-289027
35	CM_House	707289-708463
34	ProfilerUI	516659-519941
34	PSUtils	70805-667488
34	CM_Allegiance	703622-704721
33	MoveToManager	344753-346119
33	CInputManager	109936-285124
33	CBaseVideoRenderer	724694-727036
32	gmPaperDollUI	219672-222068
32	gmAllegianceUI	203861-205967
32	Position	96611-489769
32	Frame	96598-357692
32	DiskController	291636-647891
32	DBCache	79382-81389
32	ClientNet	369376-373657
32	CObjectMaint	309014-310936
31	gmGamePlayUI	279243-280823
31	UIOption_ActionKeyMap	194663-197262
31	SurfaceWindow	117935-127212
31	LScape	146452-308283
31	Device	117949-120403
31	CLandBlock	290171-352787
31	CBaseQualities	440670-447729
30	TFile2IDTable	654889-658158
30	DebugConsole	679609-681816
30	ClientMagicSystem	310187-405776
30	CM_Communication	700549-702199
29	StringInfo	105618-107738
29	RenderMesh	128733-130953
29	CTransition	311589-317253
29	CSequence	339677-340951
29	CM_Magic	699722-700506
29	CLCache	290551-296205
28	gmFellowshipUI	201798-203845
28	SharedNet	369054-373448
28	GlyphList	175110-176926
28	CM_UI	182894-183599
27	gmJournalUI	207348-209434
27	UIElement_UIItem	271273-272258
27	CameraSet	146904-149480
27	CM_Trade	710050-710693
27	Archive	69946-70546
26	UIOption_Menu	191463-194296
26	CSurface	290264-454368
25	UIElement_Menu	169245-169982
25	EnumMapper	87668-89237
25	D3DPolyRender	435757-456699
25	ClientTradeSystem	410113-410684
25	AppraisalProfile	477349-479026
24	gmSalvageUI	252366-252990
24	UIOption_Slider	192324-194657
24	UIOption_CheckboxBitfield64	193049-193848
24	SceneTool	122402-124393
24	SPHEREPATH	311551-361094
24	BaseProperty	83996-102984
23	gmStatManagementUI	284107-284993
23	UIOption_Checkbox	193884-194651
23	ObjDesc	469201-470439
23	CLandCell	353253-355433
23	BSPNODE	362836-364025
22	gmSpellcastingUI	247248-249263
22	gmMiniGameUI	223379-226241
22	gmKeyboardUI	265277-268397
22	gmCharacterManagementUI	280838-282109
22	UISurfaceObject	683935-684668
22	MovementManager	339101-339631
22	ImgTex	304622-367699
22	FlowQueue	374431-376111
22	CM_Fellowship	702912-703588
21	gmCGSkillsPage	185146-190023
21	gmBookUI	237788-238854
21	UserPreferences	116112-117868
21	RenderTexture	136287-137475
21	PView	461029-462565
21	DBOCache	83017-83984
21	CM_Social	702240-702861
21	CBasePin	727650-729078
21	ArgumentParser	62036-69686
20	gmSkillUI	212637-214119
20	gmMainChatUI	254157-255275
20	gmHouseUI	218754-219634
20	gmFriendsUI	200631-201724
20	CRegionDesc	290442-300217
20	CM_Game	705429-706054
19	gmEffectsUI	235378-236404
19	UIOption_CheckboxSlider	192018-192318
19	TexMerge	304558-306241
19	StateDesc	692166-693099
19	SoundManager	383004-383747
19	IDList	471792-472412
19	Fellowship	202193-484358
19	CPolygon	359420-360546
19	CMasterInputMap	266017-679569
19	ArrayPropertyValue	98548-104538
19	AllegianceHierarchy	481659-482715
19	ACCharGenData	435119-495046
18	gmExaminationUI	226530-234836
18	gmContractsUI	209488-211967
18	gmClient	61259-63447
18	gmCGAppearancePage	185457-186939
18	UIElement_SmartBoxWrapper	275088-275631
18	RenderSurface	127810-128423
18	MediaMachine	162006-162572
18	LongIntegerPropertyValue	95346-99792
18	Font	127299-291189
18	ExperienceTable	435169-501739
18	CSpellBase	198603-449226
18	CBaseFilter	724709-729149
18	AllegianceSystem	482727-483645
18	ACCmdInterp	435803-436275
17	gmSpellbookUI	198442-199528
17	gmCharacterInfoUI	236411-237782
17	VividTargetIndicator	289398-290072
17	RenderTextureD3D	684835-685652
17	Proto_UI	373843-374203
17	PhysicsDesc	143876-331865
17	ParticleEmitterInfo	290492-324851
17	MasterDBMap	89317-91687
17	ItemHolder	431990-433578
17	IntegerPropertyValue	96163-99647
17	GraphicsResource	131015-131576
17	ClientFellowshipSystem	405792-406957
17	CameraManager	146916-148048
17	CLandBlockStruct	353109-354762
17	CBaseInputPin	393225-729112
17	CAsyncStateMachine	627528-629809
17	BSPTREE	360662-361296
16	gmSmartBoxUI	261736-262592
16	UIPreferences	520364-520934
16	UIElement_Scrollable	176949-177546
16	ThreadedCache	293200-654440
16	SmartBuffer	65919-66493
16	Serializer	61151-675322
16	RenderVertexBuffer	131654-132319
16	RenderDevice	382318-455675
16	PropertyCollection	160688-664517
16	Palette	290244-365273
16	FloatPropertyValue	95904-99614
16	DBObj	81401-81706
16	CreatureMode	143534-146414
16	Bitfield64PropertyValue	95146-104044
16	AnimSequenceNode	285664-341289
15	gmPageListUI	205983-207263
15	gmExternalContainerUI	253042-253387
15	gmBarberUI	269068-269886
15	UIQueueManager	393662-395538
15	Trade	484828-485360
15	StructPropertyValue	98559-105171
15	RenderMaterial	124208-134923
15	PlayerOptionPage	286461-286784
15	LandDefs	122254-467472
15	LRU_List	651103-652684
15	ExperienceSystem	499191-499548
15	CSphere	334268-359390
15	CMotionTable	292831-339058
15	CLBlockAllocator	650322-651004
15	BoolPropertyValue	95352-99583
15	Bitfield32PropertyValue	94988-103876
15	AppraisalSystem	479074-480424
15	ACCharGenResult	498180-499185
14	UIOption	283432-284082
14	UIElement_Button	174426-174809
14	StringInfoPropertyValue	96743-99970
14	RenderVertexBufferD3D	458897-688569
14	ReceiverData	376161-376642
14	PositionManager	388267-388488
14	PalShift	300240-301365
14	PacketController	368117-368964
14	MotionTableManager	329773-330206
14	MasterProperty	94926-101636
14	KeyStone	390122-390523
14	InterpretedMotionState	332525-333617
14	HouseProfile	486487-486914
14	CharacterSet	182787-298644
14	CM_Inventory	708499-709565
14	CLanguageInfoInterface	93447-93961
13	gmInventoryUI	222137-222499
13	gmCharacterTitleUI	211981-212559
13	gmAttributeUI	214185-215167
13	VendorSellUI	242636-246860
13	UIFlow	182420-331315
13	TargetManager	327974-328644
13	StringPropertyValue	98073-100033
13	SpellFormula	487706-488270
13	RenderSurfaceD3D	685664-685981
13	ParticleEmitter	330252-331265
13	NetBlob	377185-377529
13	MaterialLayer	122396-140927
13	MaterialInstance	138064-138726
13	InArchiveVersionStack	70363-76994
13	GameBoardGrid	223331-225984
13	Enchantment	235353-502627
13	ClientHousingSystem	430518-430788
13	CRendererInputPin	725460-726973
13	CCommunicationSystem	389530-433849
13	AttributeCache	504086-505438
13	AllegianceProfile	393615-481645
12	gmSpellComponentUI	197375-198436
12	gmMapUI	218123-218643
12	gmFloatyChatUI	255294-258604
12	gmDataPatchUI	282602-282900
12	gmCharGenMainUI	277872-278604
12	gmCGProfessionPage	190108-190796
12	gmAbuseUI	238886-239214
12	Waveform	97281-476698
12	VertexArray	132194-516486
12	SkillSystem	499604-500097
12	RenderIndexBuffer	137560-137857
12	QuickWindow	311143-688769
12	PositionPropertyValue	96632-99871
12	PageDataList	510062-510734
12	NewParser	722590-723700
12	Matrix4	122340-627224
12	LandSurf	303797-304210
12	HousePayment	218798-486021
12	GlobalRegistryInstance	112412-114049
12	GRPTypedVariableObject	112192-116557
12	DetectionManager	327021-327673
12	ComponentTracker	430901-431942
12	CSortCell	356040-356151
12	CSetup	290234-336241
12	CInputMap	675792-678529
12	CCylSphere	361502-362244
12	AutoStoreVersionArchive	130745-627281
12	Ambient	143842-384507
12	AllegianceData	481154-481461
12	ActionMap	290472-669616
11	gmSquelchUI	199636-200625
11	gmCreditsUI	276822-277426
11	gmCGSummaryPage	184154-185058
11	WaveformPropertyValue	97224-98469
11	VendorProfile	243107-510011
11	VendorItemsUI	242674-246538
11	VectorPropertyValue	97095-100217
11	UIFramework	276829-697318
11	UIElement_Meter	172320-172694
11	Turbine	64804-65089
11	TimeStampPropertyValue	95139-100651
11	SquelchInfo	433942-714367
11	SkyDesc	301472-303141
11	RawMotionState	332495-333633
11	QualityRegistrar	682614-683559
11	QualityFilter	503908-715930
11	PublicWeenieDesc	470679-471352
11	Plane	128609-719916
11	PhysicsScriptTable	290512-337239
11	PFileParser	721844-722670
11	NetPacket	370390-376946
11	MotionState	341303-341987
11	MaterialProperty	140933-141528
11	LogController	74089-75260
11	GameTime	463203-464014
11	ElementDesc	690586-691973
11	ECM_UI	681853-682120
11	D3DXCore	553609-553732
11	ColorPropertyValue	95584-99601
11	ClothingTable	283004-465474
11	CM_Physics	709599-710003
11	CM_Item	705126-705399
11	CBuildingObj	719041-719280
11	ACQualityFilter	435189-503891
10	gmVitaeUI	222845-223137
10	gmFloatyToolbarUI	256200-256796
10	gmFloatyPowerBarUI	257373-261907
10	gmFloatyMainChatUI	258493-258971
10	gmFloatyIndicatorsUI	259081-259638
10	Vector3	122284-625287
10	UIElement_Panel	168407-169043
10	UIElement_ColorPicker	167471-170062
10	SpellComponentTable	197538-487689
10	SpellCastSubMenu	247382-248597
10	RenderVertexStreamD3D	453850-687489
10	PageData	237941-510634
10	MediaDesc	693514-693771
10	MaterialModifier	141560-141789
10	LayerStage	132342-132704
10	Indicator	377751-378158
10	Graphic	683571-683915
10	Glyph	177562-177769
10	GlobalRegistry	61225-115895
10	GfxObjDegradeInfo	290422-332469
10	GameSky	308367-308905
10	EnumPropertyValue	95766-104396
10	EnumIDMap	81874-82982
10	ClientMiniGameSystem	430319-430473
10	ClientAllegianceSystem	406989-407159
10	CSpellTable	403913-450435
10	CPlayerModule	452745-452957
10	CM_Writing	706080-706543
10	CM_Combat	706604-707035
10	CLandBlockInfo	290161-351319
10	CGfxObj	290214-356683
10	CFactory	378595-390618
10	CCellStruct	355443-356030
10	CAnimation	290224-334256
10	BasePropertyDesc	102001-103710
10	BSPLEAF	364073-364381
10	ACCObjectMaint	390880-392652
9	gmVitalsUI	242173-242489
9	gmSpewBoxUI	261092-261680
9	gmPowerbarUI	264988-265201
9	gmIntroUI	282295-282596
9	gmFloatyExaminationUI	259714-260162
9	gmConfigUI	215401-215822
9	gmCombatUI	253395-253734
9	gmChatOptionsUI	215465-216922
9	UISurface	124661-125075
9	UIListener	162615-163038
9	UIElement_Browser	167792-168001
9	TriStatePropertyValue	94981-99197
9	TextureBasedFont	685993-687161
9	StringTable	108807-109806
9	StringInfo_StringInfoData	107762-108641
9	StickyManager	388502-388728
9	SquelchDB	714006-715185
9	SpellComponentBase	197337-487295
9	SoundBuf	385646-386102
9	RestrictionDB	472575-473578
9	RenderUI	132885-133905
9	RenderMeshFragment	139027-140467
9	RenderIndexStreamD3D	687521-687781
9	RGBAColor	95693-625146
9	QualifiedDataIDArray	80576-87769
9	PrimD3DRender	435657-453759
9	PhysicsScript	290502-336532
9	PerfMonCounterInfo	368697-666449
9	PalSet	185706-470654
9	ObjectDesc	351355-462930
9	NetAuthenticator	77793-368098
9	Logger	74240-79248
9	LayoutDesc	149536-690388
9	ItemProfile	509582-509795
9	InterpolationManager	388815-389384
9	IntermitSound	383789-384260
9	HousePaymentList	485413-486112
9	GuestInfo	473734-474018
9	FriendData	200033-484794
9	Emote	505773-506750
9	DiskConBase	291609-647062
9	DialogFactory	180139-181532
9	Dialog	177857-179824
9	CombatManeuverTable	407721-501918
9	ClothingBase	466425-466835
9	CTerrainDesc	303275-303492
9	CSoundTable	290462-385634
9	CPhysics	311149-311467
9	CMaterial	360585-694729
9	CEnvironment	290284-353090
9	CEnumPins	727425-728795
8	gmUIElement_PortalStormIndicator	276019-276146
8	gmUIElement_LinkStatusIndicator	276289-276447
8	gmPanelUI	239248-239775
8	gmLinkStatusUI	226282-226447
8	gmFloatyVitalsUI	255798-256901
8	WaveFile	386761-387084
8	WTimeStamper	716249-716563
8	VendorBuyUI	242630-246548
8	UIOption_CheckboxBitfield	193865-194112
8	UIElement_Viewport	168242-168358
8	UIElement_Dragbar	169060-169199
8	TurbineDwExceptionFilter	719337-719715
8	TextFileOutputHandler	74076-74744
8	TabooTable	290324-666077
8	StringTokenPropertyValue	98305-100039
8	SoundTableData	384838-385608
8	SkillTable	213059-503421
8	ShortCutManager	514030-514213
8	RecipientData	374250-374399
8	QuickButton	688805-689017
8	ParticleManager	329274-329528
8	ObjCollisionProfile	329581-329671
8	NoticeRegistrar	121092-121454
8	MD_Data_Movie	693181-693372
8	LM_UVTranslate	140909-142650
8	InfoRegion	285116-285934
8	HouseData	486270-708368
8	Fellow	202158-484534
8	EmoteSet	448154-448579
8	DataFilePropertyValue	94974-104101
8	DBWave	290274-385798
8	DBPropertyCollection	290522-664604
8	CreatureAppraisalProfile	480545-480861
8	CloPaletteTemplate	465562-466414
8	ClientFlowQueue	374468-376091
8	CharacterTitleTable	212325-498169
8	CSpellBook	446954-447502
8	CM_Movement	712832-713221
8	CM_Admin	710795-711627
8	CLinkStatusAverages	369842-373837
8	CEnumMediaTypes	727507-728917
8	CBldPortal	362406-362591
8	CAsyncStateHandler	627516-629821
8	BodyPart	439784-509338
8	Attribute2ndTable	285315-502995
8	ACRender	458015-720640
7	gmUIFlow	183743-183957
7	gmUIElement_VitaeIndicator	275825-275994
7	gmUIElement_EffectsIndicator	276476-276627
7	gmUIElement_BurdenIndicator	276633-276802
7	gmFloatyPanelUI	255825-258292
7	gmFloatyCombatPanelUI	260334-260936
7	gmEnvPanelUI	253936-289076
7	gmDisconnectedUI	279063-279154
7	gmCG3DView	282965-283108
7	gmBackpackUI	222574-222738
7	UIPreferenceItemEnum	520103-521018
7	UIElement_Resizebar	168062-168214
7	UIElement_GroupBox	167304-167425
7	UIElement_Field	174850-174973
7	Timer	75324-75492
7	TSRecv	474589-474865
7	SpellExamineUI	226987-234511
7	SkillBase	285356-503341
7	SentPacketStore	378191-378482
7	Scene	290432-463177
7	SalvageOperationsResultData	500559-717589
7	RenderIndexBufferD3D	456755-687974
7	PortalThread	295948-627455
7	PerfMonCounterManager	666463-666980
7	PackObj	60839-500636
7	OptionPage	286826-286988
7	NetBlobIDUtils	467808-467854
7	MovementParameters	339437-346344
7	MetaSpell	450589-450772
7	LM_UVRotate	141899-509150
7	InterfaceSystem	65267-65879
7	HeritageGroup_CG	186814-493922
7	GenericQualitiesData	721222-721504
7	Formatted_Double_StringInfoData	107870-108699
7	FileNodeName_PString	97950-624213
7	FileNodeName_Binary	128560-624748
7	EnchantmentSpell	450896-451004
7	ConstraintManager	389395-389514
7	CloObjectEffect	465530-466551
7	ChatRoomTracker	331339-723976
7	CharacterIdentity	298283-298866
7	Cache_Pack_t	84003-647023
7	CWeenieObject	310948-437113
7	CVertexArray	362652-362802
7	CThreadsafeDiskController	291393-291970
7	CContract	452052-452658
7	Box2D	156238-689244
7	BSPPORTAL	364397-364745
7	BBox	356169-477178
7	Attribute2ndInfoRegion	285174-286435
6	gmUIElement_MiniGameIndicator	276152-276260
6	gmFloatySideVitalsUI	256874-258375
6	gmEpilogueUI	279160-279235
6	gmCombatPanelUI	289083-289388
6	gmCGHeritagePage	190967-191339
6	cWObjHierRootNode	290304-296712
6	UIPreferenceItemString	520305-520349
6	UIPreferenceItemInt	520215-520291
6	UIPreferenceItemFloat	520183-520284
6	UIPreferenceItemBool	520045-520089
6	UIMainFramework	697342-697423
6	TextTag	182185-182319
6	TextInputDialog	177996-178189
6	Template_CG	186196-496405
6	TFileEntry	655011-655102
6	Subpalette	300311-471744
6	Skill	212607-502208
6	Sex_CG	186335-493024
6	ScriptManager	329059-329237
6	ReplaceObjectHook	342249-343275
6	RenderMeshFragmentTopology	138770-139523
6	QuestDefDB	451849-510930
6	QuestDef	451468-510834
6	QualityHandler	682547-683332
6	PositionPack	323502-324246
6	PlayerDesc	444183-444913
6	OBJECTINFO	314070-314161
6	NetKeyExch	377089-377167
6	MotionData	337394-341814
6	MessageDialog	177912-178303
6	MenuDialog	178369-178660
6	MD_Data_Pause	693152-694948
6	MD_Data_Anim	694973-695107
6	LRUB_Mem_t	651047-651201
6	LM_UVScale	141933-142872
6	ItemUses	296796-296872
6	HookAppraisalProfile	331333-481134
6	HAR	473620-474577
6	Formatted_LInt_StringInfoData	107915-108706
6	FileNodeUtils	104141-675771
6	FileNodeName_Double	97067-624950
6	Double_StringInfoData	107808-108678
6	ControlNameMapper	674053-675251
6	ConfirmationTextInputDialog	178705-178920
6	ConfirmationMenuDialog	178965-179292
6	ConfirmationDialog	179337-179563
6	ComponentData	430891-431627
6	CommandList	718295-718508
6	ChatPoseTable	290294-412916
6	CellManager	146439-146768
6	CTextureRenderer	724448-724798
6	CSoundDesc	303557-303694
6	CSceneDesc	303151-303549
6	CRendererPosPassThru	730471-730803
6	CPartCell	350491-350602
6	CMediaType	730981-731082
6	CM_Misc	712626-712701
6	CLogonHeader	468321-469057
6	CContractTable	209695-452381
6	CBaseList	730816-730963
6	BasicCreatureExamineUI	226885-233186
6	AmbientSTBDesc	299000-384535
6	ATL	392855-724120
6	ACCharGenStartArea	490100-492575
5	gmUrgentAssistanceUI	223143-223227
5	gmMasterDBMap	514291-514905
5	gmIndicatorsUI	242076-242165
5	gmFloatyEnvPanelUI	260307-260579
5	gmCharacterSettingsUI	217203-217286
5	WaitDialog	177863-177938
5	UIObject	310181-689319
5	TextTag_IIDString	181789-181847
5	TextTag_IIDEnum	181945-182010
5	Style_CG	186142-491798
5	SpellSetTierList	449758-488410
5	SpellSet	450070-488388
5	Spell	450478-450698
5	SoundTweakedHook	342194-343123
5	SkillInfoRegion	285186-286154
5	SharedCriticalSection	627306-627348
5	SecondaryAttribute	391013-502352
5	Random	105431-105532
5	QualifiedControl	673613-673821
5	PortalSummonSpell	450960-451227
5	OldPublicWeenieDesc	720674-720812
5	MovieTheatre	724126-724399
5	MissingIteration	291561-648121
5	MMapUtil	723933-724000
5	MD_Data_Fade	694286-694363
5	LookFile	206079-648328
5	LinkStatusHolder	77339-78604
5	LinebreakUtils	175001-175041
5	InstanceIDPropertyValue	96106-99640
5	HouseSystem	486143-486209
5	GeneratorQueueNode	481093-508825
5	GeneratorProfile	507877-508619
5	FileNodeName_Int64	624021-624927
5	FileNodeName_Int32	97773-624881
5	FileNodeName_Guid	624123-624767
5	FileNodeName_CellID	624068-624996
5	FileNodeName_Bool	95550-624712
5	EffectInfoRegion	285884-286377
5	DiskDev	653388-653462
5	DayGroup	301424-302642
5	DataSource	646547-646580
5	CreationProfile	503969-504048
5	CreateParticleHook	342513-343285
5	ContentProfile	465993-713289
5	ConstantSound	383835-384295
5	CloSubpalEffect	465721-466352
5	ChatEmoteData	296947-297575
5	CShadowPart	718928-719001
5	CSceneType	304404-304485
5	CSWVertex	364760-364861
5	COLLISIONINFO	311567-718729
5	CMostlyConsecutiveIntSet	291453-646897
5	CM_Vendor	707061-707258
5	CM_Train	704751-705067
5	CLanguageInfo	93627-94059
5	CHILDLIST	328820-329036
5	CContractTracker	451343-451415
5	CAsyncGetRequest	84264-85049
5	CAllIterationList	291818-654732
5	BlobFrag	376968-377048
5	BadData	290314-298061
5	AttributeInfoRegion	285162-285975
5	AttackHook	342003-343151
5	ArchiveVersionRow	75961-76214
5	AnimFrame	333649-333944
5	AC1ClientChatManager	389886-390001
4	gmGameplayOptionsUI	215246-215315
4	gmCLCache	435219-435258
4	gmCGTownPage	185129-185210
4	gm3DItemsUI	222744-222813
4	cWObjHierNode	296338-296615
4	WeaponProfile	477882-481038
4	ULInt_StringInfoData	107847-108692
4	TransientArchive	61166-290181
4	TextTag_IID	182118-182178
4	TextTag_DID	181728-182151
4	StringTableString	108852-109419
4	StringInfoData	107959-108368
4	String	290482-472464
4	SoundHook	342178-343068
4	SkillFormula	188488-502054
4	ShaderResourceType	134981-135128
4	SetOmegaHook	339652-343255
4	SerializeUsingPackDBObj	290680-291160
4	RenderMeshBatch	140524-140637
4	ProjectileEnchantmentSpell	451101-451166
4	PortalEvent	627484-627510
4	PlatformString	121565-121801
4	PhysicsScriptTableData	336552-336884
4	PageInfo	207386-207672
4	PFileNodeIter	625339-625912
4	NameFilterTable	290392-662715
4	MoveToStatePack	323787-324275
4	MD_Data_State	693909-693967
4	MD_Data_Message	694094-694152
4	MD_Data_Jump	694467-694525
4	MD_Data_Alpha	694900-694960
4	LM_UVTransform	141971-142613
4	LInt_StringInfoData	107828-108685
4	LIGHTINFO	143742-454319
4	JumpPack	324037-324310
4	InputStream	722688-722874
4	IconData	437741-438383
4	GrowBuffer	66017-66327
4	GlobalEventHandler	121046-121076
4	GeneratorRegistryNode	508676-508743
4	FileNodeName_UInt64	623898-624904
4	FileNodeName_UInt32	95571-624858
4	FileNodeName_Float	97616-624973
4	FileArray	654797-654855
4	EyesStrip_CG	185652-488982
4	EventFilter	715197-715286
4	ErrorStream	387926-387975
4	ECM_Item	682179-682265
4	DispelSpell	450795-450833
4	DialogBoxGateways	73817-73907
4	DialogBoxGateway	73933-73994
4	CryptoSystem	629868-630381
4	ControlSpecification	669647-674309
4	ContractInfo	209544-209766
4	CommandLineArg	61810-67096
4	ClientCharGenState	400912-400994
4	ChannelSystem	507159-507819
4	CUnknown	729213-729266
4	CQuestDefDB	435179-451899
4	CNetLayerPacket	370421-467981
4	CCellPortal	362330-362379
4	CAnimHook	342125-342737
4	BodyPartSelectionData	509092-509518
4	BitUtils	60867-675345
4	AvailablePropertySet	104687-104935
4	Attribute	391003-502297
4	AttackManager	327861-327965
4	ArrivedEphInfo	378546-378580
4	AnimData	341040-341942
4	AllegianceNode	483736-483759
4	AdminPlayerData	710839-713920
4	AdminAccountData	710820-713951
4	ActionState	110048-653357
4	ANSIColorStatus	75605-75661
4	AFrame	333665-467619
3	gmAdminQualitiesUI	254088-254149
3	_com_error	521276-521309
3	UIPreferenceItem	520013-520964
3	UIPersistantData	182775-182866
3	UIGlobals	282906-282952
3	TimeStampUtils	370246-371238
3	TimeSource_QueryPerformanceCounter	77050-77101
3	TextureVelocityPartHook	342084-342560
3	TextureVelocityHook	342102-342584
3	TextureMapChange	471630-471676
3	TerrainTex	304632-305054
3	TCoord	223307-223553
3	SurfaceUsageSummary	150086-150299
3	SoundTableHook	342219-342238
3	SkyTimeOfDay	301977-302257
3	SkyObject	301402-301789
3	SetPositionStruct	329726-329760
3	RegEdit	73535-73606
3	RGBColor	142984-467661
3	PixelFormatDesc	121847-122248
3	PhysicsTimestampPack	324197-324223
3	PalShiftTex	300589-300987
3	PackObjPropertyCollection	513579-513591
3	NetError	77385-78429
3	MovementSystem	713790-713830
3	MD_Data_Sound	694649-694681
3	MD_Data_Cursor	693835-693870
3	LogTextTypeEnumMapper	713311-713631
3	InventoryPlacement	219649-502277
3	Interface	61413-61428
3	InteractiveOutputHandler	79183-79342
3	InstanceDiviner	74278-74422
3	IInputActionCallback	77183-717711
3	IError	79283-623864
3	HairStyle_CG	269120-488936
3	GlobalRegistryCommands	112077-114137
3	GeneratorRegistry	508262-509046
3	GeneratorQueue	508308-508472
3	GamePlayUI	697446-697470
3	GameMoveData	721053-721135
3	GRStrings	115082-115122
3	GRPShadowVariableObject	114457-114505
3	Formatted_ULInt_StringInfoData	107948-108713
3	FontMapper	136206-136237
3	FileNodeName_InstanceID	623930-625019
3	FallocPool	630506-630561
3	EncumbranceSystem	296731-296777
3	ECM_Login	682341-682393
3	DualEnumIDMap	82127-294370
3	DiskTransactInfo	652704-653281
3	DiskFileInfo_t	646914-653363
3	DatIDStamp	79356-79372
3	DDD_DataMessage	290537-291201
3	DBLevelInfo	136738-136797
3	DBFile2IDTable	290364-658197
3	DBCachePrefetchCallback	80972-81033
3	CrashCleaner	73719-73808
3	CombatManeuver	501758-501988
3	CloTextureEffect	465605-466009
3	ClientSystem	195810-401102
3	ClientAdminSystem	719759-719792
3	ClassFactoryForceClient_ClassType	61983-183993
3	CharExamineUI	226673-233437
3	CallPESHook	342468-343177
3	CTimeSyncHeader	374577-468287
3	CShadowObj	317241-329719
3	CPluginManager	73636-73782
3	CObjectInventory	718595-718642
3	CMediaPosition	729816-729857
3	CM_Examine	712727-712779
3	CInvSlotModule	395928-396662
3	CEmoteTable	446384-446869
3	CEchoResponseHeader	369836-468365
3	CEchoRequestHeader	374583-468334
3	CELLARRAY	312114-718896
3	CDirSound	387098-387172
3	CContractTrackerTable	397561-451449
3	CCliDatEvent	389610-464263
3	BoostSpell	450850-451270
3	Body	440232-502696
3	AutonomousPositionPack	323904-323981
3	AttackCone	341993-342622
3	ACCFactory	390651-390841
2	gmGlobalEventHandler	183629-183640
2	WeenieDesc	471778-471785
2	WOrderHdr	713848-713868
2	VendorSubUI	242495-242662
2	Vector3Math	96722-476749
2	Vec2D	467527-467543
2	UpdateObjectTransactInfo	653000-653255
2	UIViewportObject	684768-684818
2	UIRectangleObject	684698-684756
2	UIElementMessageInfo	149813-150326
2	Turbine_GUID	75522-75569
2	TurbineChatBlob	329767-505762
2	TransparentPartHook	342389-342395
2	TransferSpell	451276-451286
2	TimestamppedTextFileOutputHandler	74394-74571
2	TargetInfo	317674-328027
2	TMTerrainDesc	305141-305755
2	TDBTypeEntry	655888-657171
2	StreamPackObj	367853-367872
2	StatMod	488293-514004
2	SplitNodeTransactInfo	652727-653029
2	SpellBookPage	503926-503937
2	SkyObjectReplace	301869-301923
2	Skill_CG	488522-488887
2	ShortCutData	513984-513994
2	ShopSystem	719870-719893
2	ShadePackage	465511-465518
2	ScaleHook	342474-342500
2	SalvageResult	500649-500669
2	SB_As32Bit_Compressed	489676-624774
2	RpcServer	721770-721796
2	RotateEntryTransactInfo	653087-653102
2	RenderMeshVerticesArray	129240-129584
2	RenderMeshMaterialArray	129201-129572
2	RenderMeshIndicesArray	129293-129596
2	RenderLight	380215-382469
2	RegionMisc	299045-299098
2	RadarInfo	262611-262619
2	ProjectileLifeSpell	451088-451155
2	ProfilerDBObjStat	517035-517088
2	PreciseTimerInstance	75441-75454
2	PerlinNoise	477245-477268
2	Particle	330313-330649
2	OrderHdr	716785-716801
2	NoDrawHook	342288-342318
2	NetUtils	467881-467915
2	MergeNodesTransactInfo	652713-652932
2	MathLib	143576-185633
2	MagicSystem	488433-488477
2	MD_Data_Image	693114-693133
2	LuminousHook	342372-342422
2	LRUDeleteTransactInfo	652740-653186
2	LIGHTLIST	325029-325924
2	InterfaceEnumerator	469153-469194
2	InputEvent	110003-110090
2	IQueuedUIEventDeliverer	296246-296259
2	IFileNodeName	623870-624402
2	GlyphLine	175068-175440
2	GeneratorTable	508060-508072
2	GRPWithArgsCommand	114346-114432
2	GRPNoArgsCommand	114411-114620
2	FriendDataList	200351-201704
2	FontLocal	136131-290802
2	FileNodeName_LongHex	624157-625065
2	FileNodeName_Hex	97683-625042
2	FellowshipSystem	484590-484596
2	FaceStrip_CG	489014-489023
2	FPHook	329680-329695
2	EtherealHook	339671-342312
2	EnvCollisionProfile	329569-329665
2	ECM_Physics	682291-682315
2	ECM_Character	682419-682445
2	DiffusePartHook	342428-342434
2	DiffuseHook	342348-342462
2	DestroyParticleHook	342304-342536
2	DeleteInternalTransactInfo	652839-652854
2	DefaultScriptHook	339665-342330
2	DbgReportContext	74003-74013
2	DXCrackFVF	526469-526554
2	DLListBase	76277-76314
2	DDD_InterrogationMessage	291460-291915
2	DDD_BeginDDDMessage	292477-293261
2	DBTypeDef	89419-91901
2	CreatureExamineUI	226657-233213
2	CreateBlockingParticleHook	342525-342707
2	ContextMenu	177788-177843
2	CombatSystem	500132-500139
2	ClipPlaneList	362313-362324
2	ClipPlane	356951-356957
2	ClientMain	60873-60885
2	ClassFactoryForceUIFlow_ClassType	183963-184021
2	CPortalPoly	364955-364962
2	CPluginPrototype	61499-73739
2	COptionalHeaderFactory	468084-468137
2	CM_Login	710719-710745
2	CIme	109891-109898
2	CFellowship	452711-452722
2	CClientsideLoginStateHandler	369872-372013
2	CChatEvent	389577-464257
2	CAllegianceProfile	451320-451331
2	CAllegianceData	451297-451308
2	CAMEvent	729288-729294
2	BudgetStatItem	516982-517584
2	BudgetStatInfo	517117-517145
2	AttackInfo	327810-327827
2	ArmorProfile	508847-508887
2	ArmorCache	509362-509406
2	AnimPartChange	471682-471699
2	AddObjectTransactInfo	652770-653234
2	ActionMapValue	667814-668138
2	ACWTimeStamper	488483-488494
2	ACSmartBox	392661-392672
1	type_info	721558-721558
1	gmUIMainFramework	276808-276808
1	gmUIHelper	183654-183654
1	accountID	278024-278024
1	WeekDay	463920-463920
1	VitaeSystem	500126-500126
1	VertexFormatInfo	516499-516499
1	Vector2	627299-627299
1	UILocationData	654787-654787
1	Turbine_RefCount	61434-61434
1	TransparentHook	342342-342342
1	TinkeringSystem	500471-500471
1	TimeUtils	667510-667510
1	TimeOfDay	463952-463952
1	TextTagFactory	181556-181556
1	TabooTableAdaptor	666094-666094
1	SurfaceWindowLocker	125347-125347
1	StringInfoDataHelper	108426-108426
1	StopParticleHook	342542-342542
1	SoundData	384780-384780
1	SoundBufRef	383127-383127
1	SetLightHook	342590-342590
1	Season	463882-463882
1	RenderStateCacheType	453772-453772
1	RenderDevicePresentation	117921-117921
1	RenderAllocator	435773-435773
1	Ray	314286-314286
1	QualifiedDataID	93438-93438
1	ProtectedDebug	64922-64922
1	PropertyGroupNameSort	662762-662762
1	ProjectileSpell	451144-451144
1	ProjectSettings	94902-94902
1	Profiler	519980-519980
1	PortalThreadErrorDump	630604-630604
1	PortalSendingSpell	450874-450874
1	PortalRecallSpell	451260-451260
1	PortalDH	474887-474887
1	PortalChecksum	629839-629839
1	PlacementType	334290-334290
1	PhysicsScriptData	336266-336266
1	PerfMonCounterFactory	373423-373423
1	OutputStream	721869-721869
1	OutputDebugStringOutputHandler	74159-74159
1	NoticeHandler	121030-121030
1	NonDBObjElementDesc	149840-149840
1	NetInterface	376146-376146
1	NetInitializer	468045-468045
1	NameFilterLanguageData	662282-662282
1	MaterialTypeEnumMapper	505454-505454
1	MasterStringTableGen	109833-109833
1	MasterPropertyGrabber	97523-97523
1	MagicEnumMapper	410723-410723
1	LuminousPartHook	342416-342416
1	LightParms	380870-380870
1	LRUExpandTransactInfo	653174-653174
1	LListBase	388766-388766
1	KMATRIX	558174-558174
1	ItemListDragHandler	219666-219666
1	InterpolationNode	388950-388950
1	ICIDM	109923-109923
1	GraphicsOptions	146792-146792
1	GenItemHolder	296228-296228
1	Formatted_StringInfoData	108281-108281
1	FileNodeFileInfo	625622-625622
1	FileNameDesc	301375-301375
1	FellowshipPortalSendingSpell	450885-450885
1	FellowshipEnchantmentSpell	451051-451051
1	FellowshipDispelSpell	450839-450839
1	FellowshipBoostSpell	451077-451077
1	FakeMessageData	290830-290830
1	ExamineSubUI	226473-226473
1	EmapToDisplay	466895-466895
1	ECM_DDD	682150-682150
1	DiskSpace	514229-514229
1	DiskConInitInfo	291122-291122
1	DeleteLeafTransactInfo	652827-652827
1	DefaultScriptPartHook	342324-342324
1	DbgHelpWrapper	74044-74044
1	DDD_RequestDataMessage	291319-291319
1	DDD_InterrogationResponseMessage	292965-292965
1	DDD_ErrorMessage	291356-291356
1	D3DXCOLOR	536117-536117
1	D3DLevelResourceType	684829-684829
1	CrashCleaners	73678-73678
1	ConsoleOutputHandler	74152-74152
1	CombatEnumMapper	500918-500918
1	ClientRegKey	713255-713255
1	ClassRegistrarGlobalRegistryCommands_ClassType	114298-114298
1	ChatDisplayInfo	505631-505631
1	CharGenData	488508-488508
1	CharAppearanceData	268986-268986
1	CTriangleStrip	356945-356945
1	CTerrainType	303356-303356
1	CSurfaceTriStrips	356913-356913
1	CShortCutData	452734-452734
1	CM_CharGen	712805-712805
1	CM_Advocate	705093-705093
1	CLostCell	309077-309077
1	CLOCache	296217-296217
1	CEncounterDesc	303759-303759
1	CDDDStatusPlugin	77893-77893
1	CConnectHeader	468397-468397
1	CBufferIterator	468115-468115
1	CBaseDispatch	729748-729748
1	CAutoLock	724810-724810
1	CAsyncSaveRequest	85073-85073
1	CAsyncPurgeRequest	85061-85061
1	BuildInfo	350680-350680
1	BodyPartEnumMapper	508933-508933
1	BasePropertyValue	694983-694983
1	BasePropertyNameSort	662806-662806
1	BTNode	648515-648515
1	BTEntry	648400-648400
1	AvailableProperty	105424-105424
1	Attribute2ndBase	285220-285220
1	AtkCollisionProfile	329561-329561
1	AnimDoneHook	342336-342336
